{
	"info": {
		"_postman_id": "161600bc-c5ad-4d88-afd9-0a13d3eb7500",
		"name": "tile",
		"schema": "https://schema.getpostman.com/json/collection/v2.1.0/collection.json",
		"_exporter_id": "11898701",
		"_collection_link": "https://again3.postman.co/workspace/again-Workspace~91521f63-98c8-47ca-85c3-90afc7e53923/collection/11898701-161600bc-c5ad-4d88-afd9-0a13d3eb7500?action=share&source=collection_link&creator=11898701"
	},
	"item": [
		{
			"name": "http://localhost:8080/api/v1/search/orders",
			"protocolProfileBehavior": {
				"disableBodyPruning": true
			},
			"request": {
				"auth": {
					"type": "noauth"
				},
				"method": "GET",
				"header": [],
				"body": {
					"mode": "raw",
					"raw": "{\n    \"name\": \"Order from API\",\n    \"locale\": \"de\",\n    \"currency\": \"EUR\",\n    \"measure\": \"m\",\n    \"discount_percent\": 5,\n    \"items\": [\n        {\n            \"article_id\": 37,\n            \"quantity\": \"25.000\",\n            \"unit_price\": \"12.50\"\n        }\n    ],\n    \"addresses\": [\n        {\n            \"type\": \"delivery\",\n            \"country_id\": 1,\n            \"city\": \"Berlin\",\n            \"address\": \"Alexanderplatz 1\"\n        }\n    ],\n    \"delivery\": {\n        \"type\": 0,\n        \"price\": \"120.00\"\n    },\n    \"payment\": {\n        \"pay_type\": 1,\n        \"bank_transfer_requested\": false\n    },\n    \"carrier\": {\n        \"name\": \"DHL\",\n        \"contact_data\": \"support@dhl.com\"\n    },\n    \"manager\": {\n        \"id\": 38\n    }\n}",
					"options": {
						"raw": {
							"language": "json"
						}
					}
				},
				"url": {
					"raw": "http://localhost:8080/api/v1/search/orders",
					"protocol": "http",
					"host": [
						"localhost"
					],
					"port": "8080",
					"path": [
						"api",
						"v1",
						"search",
						"orders"
					],
					"query": [
						{
							"key": "q",
							"value": "Order",
							"disabled": true
						},
						{
							"key": "status",
							"value": "new",
							"disabled": true
						}
					]
				}
			},
			"response": []
		},
		{
			"name": "http://localhost:8080/api/v1/orders",
			"request": {
				"auth": {
					"type": "noauth"
				},
				"method": "POST",
				"header": [],
				"body": {
					"mode": "raw",
					"raw": "{\n    \"name\": \"Order from API\",\n    \"locale\": \"de\",\n    \"currency\": \"EUR\",\n    \"measure\": \"m\",\n    \"discount_percent\": 5,\n    \"items\": [\n        {\n            \"article_id\": 5,\n            \"quantity\": \"25.000\",\n            \"unit_price\": \"12.50\"\n        }\n    ],\n    \"addresses\": [\n        {\n            \"type\": \"delivery\",\n            \"country_id\": 1,\n            \"city\": \"Berlin\",\n            \"address\": \"Alexanderplatz 1\"\n        }\n    ],\n    \"delivery\": {\n        \"type\": 0,\n        \"price\": \"120.00\"\n    },\n    \"payment\": {\n        \"pay_type\": 1,\n        \"bank_transfer_requested\": false\n    },\n    \"carrier\": {\n        \"name\": \"DHL\",\n        \"contact_data\": \"support@dhl.com\"\n    },\n    \"manager\": {\n        \"id\": 38\n    }\n}",
					"options": {
						"raw": {
							"language": "json"
						}
					}
				},
				"url": {
					"raw": "http://localhost:8080/api/v1/orders",
					"protocol": "http",
					"host": [
						"localhost"
					],
					"port": "8080",
					"path": [
						"api",
						"v1",
						"orders"
					]
				}
			},
			"response": []
		},
		{
			"name": "http://localhost:8080/api/v1/orders/1",
			"request": {
				"auth": {
					"type": "noauth"
				},
				"method": "GET",
				"header": [],
				"url": {
					"raw": "http://localhost:8080/api/v1/orders/1",
					"protocol": "http",
					"host": [
						"localhost"
					],
					"port": "8080",
					"path": [
						"api",
						"v1",
						"orders",
						"1"
					]
				}
			},
			"response": []
		},
		{
			"name": "http://localhost:8080/api/v1/orders/stats?group=day&page=1&limit=100",
			"request": {
				"auth": {
					"type": "noauth"
				},
				"method": "GET",
				"header": [],
				"url": {
					"raw": "http://localhost:8080/api/v1/orders/stats?group=day&page=1&limit=100",
					"protocol": "http",
					"host": [
						"localhost"
					],
					"port": "8080",
					"path": [
						"api",
						"v1",
						"orders",
						"stats"
					],
					"query": [
						{
							"key": "group",
							"value": "day"
						},
						{
							"key": "page",
							"value": "1"
						},
						{
							"key": "limit",
							"value": "100"
						}
					]
				}
			},
			"response": []
		},
		{
			"name": "http://localhost:8080/api/v1/price?factory=marca-corona&collection=arteseta&article=k263-arteseta-camoscio-s000628660",
			"request": {
				"auth": {
					"type": "noauth"
				},
				"method": "GET",
				"header": [],
				"url": {
					"raw": "http://localhost:8080/api/v1/price?factory=marca-corona&collection=arteseta&article=k263-arteseta-camoscio-s000628660",
					"protocol": "http",
					"host": [
						"localhost"
					],
					"port": "8080",
					"path": [
						"api",
						"v1",
						"price"
					],
					"query": [
						{
							"key": "factory",
							"value": "marca-corona"
						},
						{
							"key": "collection",
							"value": "arteseta"
						},
						{
							"key": "article",
							"value": "k263-arteseta-camoscio-s000628660"
						}
					]
				}
			},
			"response": []
		}
	]
}