{"items":[{"id":23,"hash":"d38a254be4b66df3e98de6e07e145abf","status":"new","locale":"de","currency":"EUR","measure":"m","discountPercent":5,"managerId":0,"createdAt":1768906651,"updatedAt":0,"itemsCount":1},{"id":24,"hash":"4ca4346657c79723c43a656b2944ab8d","status":"new","locale":"de","currency":"EUR","measure":"m","discountPercent":5,"managerId":0,"createdAt":1768906655,"updatedAt":0,"itemsCount":1},{"id":25,"hash":"9f666931aeb2bcad307f8b5e76f20952","status":"new","locale":"de","currency":"EUR","measure":"m","discountPercent":5,"managerId":0,"createdAt":1768909828,"updatedAt":0,"itemsCount":1},{"id":22,"hash":"565373fedc8ac7df45a31c9ca3ae5657","status":"new","locale":"de","currency":"EUR","measure":"m","discountPercent":5,"managerId":0,"createdAt":1768905945,"updatedAt":0,"itemsCount":1}],"total":4,"took":0}