{"id":1,"hash":"80fd9def8d780517b725beed38827843","number":"ORD-0001","status":1,"locale":"de   ","currency":"EUR","measure":"m  ","discount_percent":null,"name":"Test order","description":null,"created_at":"2026-01-20T07:13:30+00:00","updated_at":null,"manager":{"id":6,"email":"manager@test.local","name":"Order Manager"},"items":[{"id":1,"article":{"id":5,"sku":"SKU-001","name":"Ceramic Tile White"},"quantity":"25.000","unit_price":"12.50","unit_price_eur":null,"weight":"18.500","swimming_pool":false},{"id":2,"article":{"id":6,"sku":"SKU-002","name":"Ceramic Tile Gray"},"quantity":"10.000","unit_price":"14.20","unit_price_eur":null,"weight":"19.200","swimming_pool":false}],"addresses":[{"type":"delivery","country":{"id":7,"code":"DE","name":"Germany"},"city":"Berlin","address":"Alexanderplatz 1"}],"delivery":{"type":0,"price":"120.00","warehouse_data":null},"payment":{"pay_type":1,"bank_transfer_requested":false,"cur_rate":"1.0000"},"carrier":{"name":"DHL","contact_data":"support@dhl.com"}}